,filename,answer
0,1735.txt,0
1,2228.txt,0
2,1721.txt,1
3,1047.txt,0
4,2566.txt,1
5,2200.txt,0
6,1709.txt,0
7,289.txt,0
8,2214.txt,0
9,504.txt,0
10,1090.txt,0
11,2599.txt,0
12,262.txt,0
13,276.txt,0
14,1084.txt,0
15,510.txt,0
16,538.txt,0
17,1912.txt,0
18,1906.txt,0
19,1537.txt,0
20,1251.txt,0
21,2758.txt,0
22,909.txt,0
23,1245.txt,0
24,1523.txt,0
25,2002.txt,1
26,2764.txt,0
27,921.txt,0
28,935.txt,0
29,1279.txt,0
30,2770.txt,0
31,2016.txt,0
32,1292.txt,0
33,706.txt,1
34,712.txt,0
35,1286.txt,0
36,1443.txt,0
37,29.txt,1
38,1325.txt,0
39,869.txt,0
40,2638.txt,0
41,1331.txt,0
42,1457.txt,0
43,2176.txt,0
44,2610.txt,0
45,15.txt,0
46,1319.txt,0
47,855.txt,0
48,841.txt,0
49,2604.txt,0
50,2162.txt,0
51,1480.txt,1
52,114.txt,1
53,2189.txt,0
54,672.txt,0
55,666.txt,0
56,100.txt,0
57,1494.txt,0
58,128.txt,0
59,896.txt,0
60,882.txt,0
61,1127.txt,0
62,1641.txt,0
63,1899.txt,0
64,2348.txt,0
65,1655.txt,0
66,1133.txt,0
67,2412.txt,0
68,2374.txt,1
69,1669.txt,0
70,2360.txt,0
71,2406.txt,0
72,470.txt,0
73,316.txt,1
74,1682.txt,0
75,1696.txt,0
76,302.txt,0
77,464.txt,0
78,1866.txt,0
79,1872.txt,0
80,458.txt,0
81,1873.txt,0
82,459.txt,0
83,1867.txt,0
84,303.txt,0
85,1697.txt,0
86,465.txt,0
87,471.txt,0
88,1683.txt,0
89,317.txt,0
90,2361.txt,0
91,1668.txt,0
92,2407.txt,1
93,2413.txt,0
94,2375.txt,1
95,1654.txt,1
96,1132.txt,1
97,1126.txt,0
98,2349.txt,0
99,1640.txt,0
100,883.txt,0
101,129.txt,0
102,897.txt,0
103,667.txt,0
104,1495.txt,0
105,101.txt,0
106,2188.txt,0
107,115.txt,0
108,1481.txt,0
109,673.txt,0
110,2605.txt,0
111,840.txt,0
112,698.txt,0
113,2163.txt,0
114,2177.txt,0
115,854.txt,0
116,1318.txt,0
117,14.txt,0
118,2611.txt,0
119,1330.txt,0
120,2639.txt,1
121,1456.txt,0
122,868.txt,0
123,28.txt,0
124,1287.txt,0
125,713.txt,0
126,707.txt,0
127,1293.txt,1
128,2771.txt,0
129,1278.txt,0
130,934.txt,0
131,2003.txt,0
132,920.txt,0
133,2765.txt,0
134,1244.txt,0
135,908.txt,0
136,1522.txt,0
137,1536.txt,0
138,1250.txt,0
139,1907.txt,0
140,539.txt,0
141,1913.txt,0
142,277.txt,0
143,511.txt,0
144,1085.txt,0
145,2598.txt,0
146,1091.txt,1
147,505.txt,0
148,2215.txt,0
149,288.txt,0
150,2573.txt,0
151,2567.txt,0
152,1708.txt,0
153,2201.txt,0
154,1720.txt,0
155,2229.txt,0
156,1046.txt,0
157,1052.txt,0
158,1734.txt,1
159,1722.txt,0
160,1736.txt,0
161,2559.txt,0
162,1050.txt,0
163,2571.txt,0
164,1078.txt,1
165,2203.txt,1
166,2565.txt,0
167,1087.txt,0
168,513.txt,0
169,1939.txt,1
170,261.txt,0
171,507.txt,0
172,1093.txt,0
173,249.txt,0
174,1905.txt,0
175,1911.txt,0
176,1520.txt,0
177,2029.txt,0
178,1246.txt,1
179,1252.txt,1
180,1534.txt,0
181,2015.txt,0
182,936.txt,0
183,2773.txt,0
184,2767.txt,0
185,922.txt,0
186,2001.txt,1
187,711.txt,0
188,1285.txt,0
189,1291.txt,0
190,705.txt,0
191,739.txt,0
192,1454.txt,0
193,1332.txt,0
194,1326.txt,0
195,2149.txt,0
196,1440.txt,1
197,2161.txt,0
198,1468.txt,0
199,842.txt,0
200,2607.txt,0
201,2613.txt,0
202,16.txt,0
203,856.txt,0
204,2175.txt,0
205,103.txt,0
206,1497.txt,0
207,665.txt,0
208,671.txt,1
209,1483.txt,1
210,117.txt,1
211,881.txt,0
212,659.txt,0
213,895.txt,0
214,1130.txt,0
215,2439.txt,0
216,1656.txt,0
217,1642.txt,0
218,1124.txt,1
219,2405.txt,0
220,498.txt,1
221,2363.txt,0
222,2377.txt,0
223,1118.txt,0
224,2411.txt,0
225,467.txt,0
226,1695.txt,0
227,301.txt,0
228,2388.txt,0
229,1859.txt,0
230,315.txt,0
231,1681.txt,0
232,473.txt,0
233,1871.txt,0
234,1865.txt,0
235,329.txt,0
236,328.txt,0
237,1864.txt,0
238,1870.txt,0
239,1680.txt,0
240,314.txt,0
241,1858.txt,0
242,2389.txt,0
243,472.txt,0
244,466.txt,0
245,300.txt,0
246,1694.txt,0
247,2376.txt,0
248,2410.txt,0
249,1119.txt,0
250,499.txt,0
251,2404.txt,0
252,2362.txt,0
253,1643.txt,0
254,1125.txt,0
255,2438.txt,0
256,1131.txt,1
257,1657.txt,0
258,894.txt,0
259,658.txt,0
260,670.txt,0
261,116.txt,0
262,1482.txt,1
263,1496.txt,0
264,102.txt,0
265,664.txt,1
266,857.txt,0
267,17.txt,0
268,2612.txt,1
269,2174.txt,0
270,1469.txt,1
271,2160.txt,0
272,2606.txt,0
273,843.txt,0
274,1327.txt,1
275,1441.txt,1
276,2148.txt,0
277,1455.txt,0
278,1333.txt,0
279,738.txt,0
280,704.txt,0
281,1290.txt,0
282,1284.txt,1
283,710.txt,0
284,923.txt,1
285,2766.txt,0
286,2000.txt,0
287,1509.txt,0
288,2014.txt,0
289,2772.txt,0
290,937.txt,0
291,1253.txt,0
292,1535.txt,0
293,1521.txt,0
294,1247.txt,1
295,1910.txt,1
296,1904.txt,0
297,248.txt,1
298,260.txt,1
299,1092.txt,0
300,506.txt,0
301,512.txt,0
302,1086.txt,0
303,1938.txt,1
304,274.txt,0
305,2202.txt,0
306,2564.txt,0
307,1079.txt,0
308,2570.txt,0
309,2216.txt,0
310,1737.txt,0
311,1051.txt,0
312,2558.txt,0
313,1045.txt,0
314,1723.txt,0
315,2212.txt,0
316,2574.txt,0
317,1069.txt,0
318,2560.txt,1
319,2206.txt,0
320,1727.txt,0
321,1041.txt,0
322,2548.txt,0
323,1055.txt,0
324,1733.txt,0
325,1900.txt,0
326,258.txt,0
327,1914.txt,0
328,270.txt,0
329,1082.txt,0
330,516.txt,0
331,1096.txt,0
332,264.txt,0
333,1928.txt,0
334,933.txt,0
335,2776.txt,0
336,2010.txt,0
337,1519.txt,0
338,2762.txt,0
339,927.txt,0
340,1243.txt,1
341,1525.txt,0
342,2038.txt,1
343,1531.txt,0
344,1257.txt,0
345,728.txt,0
346,714.txt,0
347,1280.txt,0
348,2789.txt,0
349,1294.txt,0
350,700.txt,0
351,847.txt,0
352,2602.txt,0
353,1479.txt,1
354,2170.txt,0
355,2616.txt,0
356,13.txt,0
357,853.txt,0
358,1337.txt,0
359,1451.txt,0
360,2158.txt,1
361,1445.txt,1
362,1323.txt,0
363,884.txt,0
364,890.txt,0
365,648.txt,1
366,660.txt,1
367,1486.txt,0
368,112.txt,0
369,674.txt,0
370,2366.txt,0
371,2400.txt,0
372,1109.txt,0
373,489.txt,0
374,2414.txt,0
375,2372.txt,0
376,1653.txt,0
377,1135.txt,1
378,2428.txt,0
379,1121.txt,1
380,1647.txt,0
381,1874.txt,0
382,338.txt,0
383,1860.txt,0
384,1848.txt,0
385,1690.txt,1
386,304.txt,0
387,2399.txt,0
388,462.txt,0
389,476.txt,0
390,310.txt,0
391,477.txt,0
392,1685.txt,0
393,311.txt,0
394,2398.txt,0
395,305.txt,0
396,1691.txt,0
397,1849.txt,0
398,463.txt,0
399,1861.txt,0
400,339.txt,0
401,1875.txt,0
402,1120.txt,1
403,2429.txt,0
404,1646.txt,0
405,1652.txt,0
406,1134.txt,1
407,2415.txt,0
408,488.txt,0
409,2373.txt,0
410,2367.txt,0
411,1108.txt,0
412,2401.txt,0
413,1487.txt,0
414,675.txt,0
415,661.txt,0
416,1493.txt,0
417,649.txt,0
418,891.txt,0
419,885.txt,0
420,1444.txt,1
421,1322.txt,0
422,1336.txt,1
423,2159.txt,0
424,1450.txt,0
425,2171.txt,0
426,1478.txt,0
427,852.txt,1
428,12.txt,0
429,2617.txt,0
430,2603.txt,0
431,846.txt,0
432,2165.txt,0
433,701.txt,1
434,1295.txt,0
435,2788.txt,0
436,1281.txt,0
437,715.txt,0
438,729.txt,0
439,1530.txt,0
440,2039.txt,0
441,1256.txt,0
442,1242.txt,1
443,1524.txt,0
444,2005.txt,0
445,926.txt,0
446,2763.txt,0
447,2777.txt,1
448,932.txt,0
449,1518.txt,0
450,2011.txt,0
451,1097.txt,1
452,503.txt,0
453,1929.txt,0
454,265.txt,0
455,271.txt,0
456,517.txt,0
457,1083.txt,0
458,1915.txt,1
459,259.txt,0
460,1901.txt,0
461,1054.txt,0
462,1732.txt,0
463,1726.txt,0
464,2549.txt,0
465,1040.txt,0
466,2561.txt,0
467,1068.txt,0
468,2207.txt,0
469,2213.txt,0
470,2575.txt,0
471,2205.txt,0
472,298.txt,0
473,2563.txt,0
474,2577.txt,0
475,1718.txt,0
476,2211.txt,0
477,1730.txt,0
478,2239.txt,0
479,1056.txt,0
480,1042.txt,0
481,1724.txt,0
482,1917.txt,0
483,529.txt,1
484,1903.txt,0
485,267.txt,1
486,501.txt,0
487,1095.txt,0
488,2588.txt,0
489,1081.txt,0
490,515.txt,0
491,273.txt,0
492,2761.txt,0
493,924.txt,0
494,1268.txt,0
495,2007.txt,0
496,2013.txt,0
497,2775.txt,1
498,1254.txt,1
499,1532.txt,1
500,1526.txt,0
501,2749.txt,0
502,1240.txt,0
503,1297.txt,0
504,703.txt,0
505,717.txt,0
506,1283.txt,0
507,2615.txt,0
508,688.txt,0
509,850.txt,0
510,2173.txt,0
511,1308.txt,0
512,844.txt,0
513,2601.txt,1
514,1320.txt,0
515,2629.txt,0
516,1446.txt,0
517,1452.txt,0
518,1334.txt,0
519,38.txt,0
520,878.txt,0
521,893.txt,0
522,139.txt,0
523,887.txt,0
524,677.txt,0
525,1485.txt,1
526,2198.txt,0
527,105.txt,0
528,1491.txt,0
529,663.txt,0
530,2371.txt,0
531,1678.txt,0
532,2417.txt,0
533,2403.txt,0
534,2365.txt,0
535,1644.txt,0
536,1122.txt,0
537,1136.txt,0
538,2359.txt,0
539,1650.txt,0
540,1888.txt,0
541,1863.txt,0
542,449.txt,0
543,1877.txt,0
544,313.txt,0
545,1687.txt,1
546,475.txt,0
547,461.txt,0
548,1693.txt,0
549,460.txt,0
550,306.txt,1
551,1692.txt,0
552,1686.txt,0
553,312.txt,0
554,474.txt,0
555,1876.txt,0
556,1862.txt,0
557,448.txt,0
558,1137.txt,1
559,1889.txt,0
560,1651.txt,0
561,2358.txt,0
562,1645.txt,1
563,1123.txt,0
564,2402.txt,0
565,2364.txt,0
566,2370.txt,0
567,2416.txt,0
568,1490.txt,0
569,104.txt,0
570,676.txt,0
571,110.txt,0
572,1484.txt,0
573,138.txt,0
574,886.txt,0
575,892.txt,0
576,1453.txt,1
577,879.txt,0
578,39.txt,1
579,1335.txt,0
580,2628.txt,0
581,1321.txt,0
582,2166.txt,0
583,2600.txt,0
584,845.txt,0
585,1309.txt,1
586,851.txt,0
587,11.txt,0
588,689.txt,0
589,2614.txt,0
590,2172.txt,0
591,1282.txt,0
592,716.txt,0
593,702.txt,1
594,1296.txt,0
595,1527.txt,1
596,1241.txt,0
597,2748.txt,0
598,1255.txt,0
599,919.txt,0
600,1533.txt,0
601,2012.txt,1
602,931.txt,0
603,1269.txt,1
604,925.txt,0
605,2760.txt,0
606,2006.txt,1
607,514.txt,0
608,1080.txt,0
609,2589.txt,0
610,272.txt,0
611,266.txt,1
612,1094.txt,1
613,500.txt,0
614,528.txt,0
615,1902.txt,0
616,1916.txt,0
617,1043.txt,0
618,1725.txt,0
619,2238.txt,0
620,1731.txt,0
621,1057.txt,0
622,2210.txt,0
623,1719.txt,0
624,299.txt,0
625,2562.txt,0
626,1756.txt,0
627,1030.txt,0
628,2539.txt,0
629,1024.txt,0
630,1742.txt,0
631,2263.txt,1
632,2505.txt,1
633,598.txt,0
634,1018.txt,0
635,2511.txt,1
636,2277.txt,0
637,201.txt,0
638,1795.txt,0
639,567.txt,0
640,573.txt,0
641,2288.txt,0
642,1781.txt,0
643,215.txt,0
644,1971.txt,0
645,229.txt,0
646,1965.txt,0
647,1232.txt,0
648,1554.txt,0
649,2049.txt,1
650,1540.txt,0
651,942.txt,0
652,2707.txt,0
653,2061.txt,0
654,1568.txt,0
655,2075.txt,0
656,2713.txt,0
657,956.txt,0
658,765.txt,0
659,1597.txt,1
660,1583.txt,0
661,771.txt,0
662,759.txt,0
663,981.txt,0
664,995.txt,1
665,1346.txt,0
666,1420.txt,0
667,2129.txt,1
668,1434.txt,0
669,1352.txt,0
670,76.txt,0
671,836.txt,0
672,2673.txt,0
673,2115.txt,0
674,188.txt,0
675,1408.txt,0
676,2101.txt,0
677,2667.txt,0
678,62.txt,0
679,822.txt,0
680,89.txt,0
681,1385.txt,0
682,611.txt,0
683,177.txt,0
684,163.txt,0
685,2698.txt,0
686,605.txt,1
687,1391.txt,0
688,639.txt,0
689,1622.txt,0
690,1144.txt,0
691,2459.txt,0
692,1150.txt,0
693,1636.txt,0
694,2317.txt,0
695,2471.txt,0
696,1178.txt,0
697,2465.txt,0
698,2303.txt,0
699,1839.txt,0
700,375.txt,0
701,413.txt,0
702,1187.txt,0
703,407.txt,0
704,361.txt,0
705,1805.txt,0
706,349.txt,0
707,1811.txt,0
708,1810.txt,0
709,1804.txt,0
710,406.txt,0
711,1192.txt,0
712,360.txt,0
713,374.txt,1
714,1838.txt,0
715,1186.txt,0
716,412.txt,0
717,2464.txt,0
718,2302.txt,0
719,2316.txt,1
720,1179.txt,0
721,2470.txt,0
722,1151.txt,0
723,2458.txt,0
724,1637.txt,0
725,1623.txt,0
726,1145.txt,0
727,638.txt,0
728,162.txt,0
729,1390.txt,0
730,604.txt,0
731,2699.txt,0
732,610.txt,1
733,1384.txt,0
734,88.txt,0
735,176.txt,1
736,2100.txt,0
737,1409.txt,0
738,823.txt,0
739,63.txt,1
740,2666.txt,0
741,2672.txt,0
742,837.txt,0
743,77.txt,0
744,189.txt,0
745,2114.txt,0
746,1435.txt,0
747,1353.txt,0
748,1347.txt,0
749,2128.txt,0
750,1421.txt,0
751,994.txt,0
752,980.txt,0
753,1582.txt,0
754,770.txt,0
755,764.txt,0
756,1596.txt,0
757,2074.txt,0
758,957.txt,1
759,2712.txt,0
760,2706.txt,0
761,943.txt,0
762,1569.txt,0
763,2060.txt,0
764,1541.txt,1
765,2048.txt,0
766,1227.txt,0
767,1233.txt,0
768,1555.txt,0
769,1964.txt,0
770,228.txt,0
771,1970.txt,0
772,572.txt,0
773,214.txt,0
774,1780.txt,0
775,2289.txt,0
776,1794.txt,0
777,200.txt,1
778,566.txt,0
779,2510.txt,0
780,1019.txt,0
781,2276.txt,0
782,2262.txt,0
783,599.txt,0
784,2504.txt,0
785,1025.txt,0
786,1743.txt,0
787,1757.txt,0
788,2538.txt,0
789,1031.txt,0
790,1999.txt,0
791,2248.txt,0
792,1027.txt,0
793,1033.txt,0
794,1755.txt,0
795,2274.txt,0
796,2512.txt,0
797,2506.txt,0
798,1769.txt,0
799,2260.txt,0
800,216.txt,0
801,570.txt,0
802,564.txt,0
803,202.txt,0
804,1796.txt,0
805,1966.txt,0
806,558.txt,0
807,1972.txt,0
808,969.txt,1
809,1543.txt,0
810,1557.txt,0
811,2738.txt,0
812,1231.txt,0
813,2710.txt,0
814,955.txt,0
815,1219.txt,0
816,2076.txt,1
817,2062.txt,0
818,941.txt,0
819,799.txt,0
820,2704.txt,0
821,772.txt,0
822,1580.txt,1
823,2089.txt,0
824,1594.txt,0
825,766.txt,1
826,996.txt,0
827,982.txt,0
828,1351.txt,1
829,2658.txt,0
830,1437.txt,1
831,1423.txt,0
832,49.txt,0
833,1345.txt,0
834,809.txt,0
835,2664.txt,0
836,61.txt,0
837,821.txt,0
838,2102.txt,1
839,2116.txt,0
840,75.txt,0
841,1379.txt,0
842,835.txt,0
843,2670.txt,0
844,606.txt,0
845,1392.txt,0
846,160.txt,0
847,174.txt,0
848,1386.txt,0
849,612.txt,0
850,148.txt,0
851,1635.txt,0
852,1153.txt,0
853,1147.txt,0
854,2328.txt,0
855,1621.txt,0
856,1609.txt,0
857,2472.txt,0
858,389.txt,0
859,2314.txt,0
860,362.txt,0
861,1190.txt,0
862,404.txt,0
863,2499.txt,0
864,410.txt,1
865,1184.txt,0
866,376.txt,0
867,1812.txt,0
868,438.txt,0
869,1806.txt,0
870,1807.txt,0
871,1813.txt,0
872,439.txt,0
873,1185.txt,0
874,411.txt,1
875,377.txt,0
876,363.txt,0
877,2498.txt,0
878,405.txt,0
879,1191.txt,1
880,2473.txt,0
881,2315.txt,1
882,388.txt,0
883,1608.txt,0
884,2301.txt,0
885,1146.txt,0
886,1620.txt,0
887,2329.txt,0
888,1634.txt,0
889,1152.txt,0
890,149.txt,1
891,175.txt,0
892,613.txt,0
893,1387.txt,0
894,1393.txt,1
895,607.txt,0
896,161.txt,0
897,2117.txt,0
898,2671.txt,0
899,834.txt,0
900,1378.txt,0
901,74.txt,0
902,820.txt,0
903,60.txt,0
904,2665.txt,0
905,2103.txt,0
906,1422.txt,0
907,808.txt,0
908,1344.txt,0
909,48.txt,0
910,2659.txt,0
911,1350.txt,0
912,1436.txt,0
913,983.txt,0
914,997.txt,0
915,1595.txt,1
916,767.txt,0
917,773.txt,0
918,2088.txt,0
919,1581.txt,0
920,2063.txt,0
921,2705.txt,1
922,798.txt,0
923,940.txt,1
924,1218.txt,0
925,954.txt,1
926,2711.txt,0
927,2077.txt,0
928,1556.txt,0
929,1230.txt,0
930,2739.txt,1
931,1224.txt,0
932,968.txt,0
933,1542.txt,1
934,559.txt,0
935,1973.txt,1
936,1967.txt,0
937,565.txt,0
938,1797.txt,1
939,203.txt,0
940,217.txt,0
941,1783.txt,0
942,2507.txt,0
943,2261.txt,0
944,1768.txt,0
945,2275.txt,0
946,2513.txt,1
947,1032.txt,0
948,1754.txt,0
949,2249.txt,0
950,1740.txt,0
951,1998.txt,0
952,1026.txt,1
953,2517.txt,0
954,2271.txt,0
955,1778.txt,1
956,2265.txt,1
957,2503.txt,1
958,1022.txt,0
959,1744.txt,0
960,2259.txt,0
961,1988.txt,1
962,1750.txt,0
963,1036.txt,0
964,549.txt,0
965,1963.txt,0
966,575.txt,0
967,1787.txt,1
968,213.txt,0
969,207.txt,0
970,1793.txt,0
971,561.txt,0
972,2073.txt,0
973,2715.txt,0
974,950.txt,0
975,788.txt,0
976,944.txt,0
977,1208.txt,0
978,2701.txt,0
979,2067.txt,1
980,1220.txt,1
981,2729.txt,0
982,978.txt,0
983,1234.txt,0
984,1552.txt,0
985,993.txt,0
986,1585.txt,1
987,777.txt,1
988,763.txt,0
989,2098.txt,0
990,1591.txt,0
991,2107.txt,0
992,2661.txt,0
993,1368.txt,0
994,64.txt,0
995,824.txt,0
996,70.txt,0
997,830.txt,0
998,2675.txt,0
999,2113.txt,0
1000,1432.txt,0
1001,1354.txt,0
1002,58.txt,0
1003,818.txt,0
1004,2649.txt,0
1005,1340.txt,0
1006,1426.txt,1
1007,159.txt,0
1008,165.txt,0
1009,603.txt,0
1010,1397.txt,0
1011,1383.txt,0
1012,617.txt,0
1013,171.txt,0
1014,2463.txt,0
1015,398.txt,1
1016,1618.txt,0
1017,2311.txt,0
1018,2477.txt,0
1019,1156.txt,1
1020,1630.txt,0
1021,2339.txt,0
1022,1624.txt,0
1023,1142.txt,0
1024,1817.txt,0
1025,1803.txt,0
1026,429.txt,0
1027,1195.txt,0
1028,401.txt,0
1029,367.txt,0
1030,373.txt,1
1031,2488.txt,0
1032,415.txt,0
1033,1181.txt,0
1034,372.txt,0
1035,1180.txt,0
1036,414.txt,0
1037,2489.txt,0
1038,400.txt,0
1039,1194.txt,0
1040,366.txt,0
1041,1802.txt,0
1042,428.txt,0
1043,1816.txt,0
1044,1625.txt,0
1045,1143.txt,0
1046,1157.txt,0
1047,2338.txt,0
1048,1631.txt,1
1049,2310.txt,0
1050,1619.txt,0
1051,2476.txt,0
1052,2462.txt,0
1053,399.txt,0
1054,2304.txt,0
1055,616.txt,0
1056,1382.txt,1
1057,164.txt,0
1058,1396.txt,0
1059,602.txt,0
1060,158.txt,1
1061,1341.txt,0
1062,2648.txt,1
1063,1427.txt,0
1064,1433.txt,0
1065,819.txt,0
1066,59.txt,1
1067,1355.txt,1
1068,2674.txt,0
1069,831.txt,1
1070,71.txt,0
1071,2112.txt,0
1072,2106.txt,1
1073,65.txt,0
1074,1369.txt,0
1075,2660.txt,1
1076,762.txt,0
1077,1590.txt,0
1078,2099.txt,0
1079,1584.txt,0
1080,776.txt,0
1081,986.txt,0
1082,992.txt,1
1083,1235.txt,0
1084,1553.txt,0
1085,1547.txt,0
1086,2728.txt,0
1087,1221.txt,0
1088,2700.txt,0
1089,1209.txt,0
1090,945.txt,0
1091,2066.txt,0
1092,2072.txt,0
1093,789.txt,0
1094,951.txt,0
1095,2714.txt,0
1096,1792.txt,0
1097,206.txt,0
1098,560.txt,0
1099,574.txt,0
1100,212.txt,0
1101,1786.txt,0
1102,1976.txt,0
1103,548.txt,0
1104,1962.txt,0
1105,1751.txt,1
1106,1989.txt,0
1107,2258.txt,0
1108,1037.txt,0
1109,1023.txt,1
1110,1745.txt,0
1111,2264.txt,0
1112,2502.txt,0
1113,2516.txt,0
1114,2500.txt,1
1115,1009.txt,0
1116,2266.txt,1
1117,2272.txt,0
1118,589.txt,1
1119,2514.txt,0
1120,1035.txt,0
1121,1753.txt,0
1122,1747.txt,0
1123,2528.txt,0
1124,1021.txt,0
1125,238.txt,0
1126,1974.txt,0
1127,1960.txt,1
1128,562.txt,0
1129,204.txt,0
1130,1790.txt,0
1131,1948.txt,0
1132,2299.txt,1
1133,1784.txt,0
1134,210.txt,1
1135,576.txt,0
1136,2064.txt,1
1137,2702.txt,0
1138,2716.txt,1
1139,953.txt,1
1140,1579.txt,1
1141,2070.txt,0
1142,1551.txt,0
1143,2058.txt,0
1144,1237.txt,1
1145,1223.txt,1
1146,1545.txt,0
1147,748.txt,1
1148,990.txt,0
1149,1592.txt,0
1150,760.txt,0
1151,774.txt,0
1152,1586.txt,1
1153,1419.txt,0
1154,73.txt,1
1155,833.txt,1
1156,2676.txt,0
1157,2662.txt,0
1158,67.txt,0
1159,827.txt,0
1160,199.txt,0
1161,2104.txt,0
1162,1343.txt,0
1163,1357.txt,0
1164,2138.txt,0
1165,9.txt,0
1166,1431.txt,0
1167,628.txt,1
1168,172.txt,0
1169,1380.txt,0
1170,614.txt,0
1171,2689.txt,0
1172,600.txt,0
1173,1394.txt,0
1174,98.txt,0
1175,166.txt,0
1176,2474.txt,1
1177,2312.txt,0
1178,2306.txt,0
1179,1169.txt,0
1180,2460.txt,0
1181,1141.txt,1
1182,2448.txt,1
1183,1627.txt,0
1184,1633.txt,0
1185,1155.txt,0
1186,1814.txt,0
1187,358.txt,0
1188,1182.txt,0
1189,370.txt,0
1190,1828.txt,1
1191,364.txt,1
1192,1196.txt,0
1193,402.txt,0
1194,365.txt,0
1195,1829.txt,0
1196,403.txt,0
1197,1197.txt,0
1198,1183.txt,0
1199,417.txt,0
1200,371.txt,0
1201,359.txt,0
1202,1815.txt,0
1203,1801.txt,1
1204,1632.txt,0
1205,1154.txt,0
1206,2449.txt,0
1207,1140.txt,0
1208,1626.txt,1
1209,2307.txt,0
1210,2461.txt,0
1211,1168.txt,0
1212,2475.txt,0
1213,99.txt,0
1214,1395.txt,0
1215,601.txt,0
1216,167.txt,0
1217,173.txt,1
1218,2688.txt,0
1219,1381.txt,0
1220,629.txt,0
1221,1356.txt,0
1222,1430.txt,0
1223,8.txt,0
1224,2139.txt,0
1225,1424.txt,0
1226,1342.txt,0
1227,826.txt,0
1228,66.txt,1
1229,2663.txt,0
1230,2105.txt,0
1231,198.txt,0
1232,1418.txt,0
1233,2111.txt,0
1234,2677.txt,0
1235,832.txt,0
1236,72.txt,0
1237,775.txt,0
1238,1587.txt,0
1239,1593.txt,0
1240,761.txt,0
1241,991.txt,0
1242,749.txt,0
1243,985.txt,0
1244,1222.txt,0
1245,2059.txt,0
1246,1550.txt,0
1247,1236.txt,0
1248,952.txt,0
1249,2717.txt,1
1250,2071.txt,0
1251,1578.txt,0
1252,2065.txt,0
1253,946.txt,0
1254,211.txt,0
1255,1785.txt,0
1256,577.txt,0
1257,563.txt,1
1258,2298.txt,0
1259,1949.txt,0
1260,1791.txt,0
1261,205.txt,1
1262,1961.txt,0
1263,1746.txt,0
1264,2529.txt,0
1265,1034.txt,0
1266,1752.txt,0
1267,2273.txt,0
1268,2515.txt,0
1269,588.txt,0
1270,1008.txt,0
1271,2267.txt,0
1272,1777.txt,1
1273,2518.txt,0
1274,1011.txt,0
1275,585.txt,0
1276,591.txt,0
1277,1005.txt,0
1278,1763.txt,0
1279,2242.txt,0
1280,1993.txt,0
1281,2524.txt,0
1282,2530.txt,0
1283,1039.txt,0
1284,1987.txt,0
1285,2256.txt,1
1286,220.txt,0
1287,546.txt,0
1288,552.txt,0
1289,234.txt,1
1290,1978.txt,0
1291,1788.txt,0
1292,2281.txt,0
1293,2295.txt,0
1294,208.txt,0
1295,1944.txt,0
1296,787.txt,0
1297,1213.txt,0
1298,1575.txt,0
1299,1561.txt,1
1300,2068.txt,1
1301,1207.txt,0
1302,793.txt,0
1303,2726.txt,0
1304,963.txt,0
1305,1549.txt,0
1306,2040.txt,0
1307,2054.txt,1
1308,977.txt,0
1309,2732.txt,0
1310,744.txt,0
1311,750.txt,0
1312,778.txt,0
1313,2083.txt,0
1314,2097.txt,0
1315,1367.txt,0
1316,2108.txt,1
1317,195.txt,0
1318,1401.txt,0
1319,181.txt,0
1320,1373.txt,0
1321,2652.txt,0
1322,57.txt,0
1323,817.txt,0
1324,2134.txt,0
1325,5.txt,0
1326,2120.txt,0
1327,1429.txt,0
1328,43.txt,0
1329,803.txt,0
1330,2646.txt,0
1331,630.txt,0
1332,156.txt,1
1333,142.txt,0
1334,624.txt,0
1335,94.txt,1
1336,1398.txt,0
1337,2691.txt,0
1338,2685.txt,0
1339,80.txt,0
1340,618.txt,0
1341,1603.txt,1
1342,397.txt,0
1343,1165.txt,0
1344,1171.txt,0
1345,2478.txt,0
1346,383.txt,0
1347,1617.txt,0
1348,2336.txt,0
1349,1159.txt,0
1350,2450.txt,0
1351,2444.txt,0
1352,2322.txt,0
1353,1818.txt,0
1354,354.txt,1
1355,432.txt,0
1356,426.txt,0
1357,340.txt,0
1358,1824.txt,0
1359,2493.txt,0
1360,1830.txt,0
1361,2486.txt,1
1362,1831.txt,1
1363,369.txt,0
1364,1825.txt,0
1365,2492.txt,0
1366,427.txt,0
1367,341.txt,0
1368,355.txt,0
1369,1819.txt,0
1370,433.txt,0
1371,2445.txt,0
1372,2323.txt,0
1373,2337.txt,0
1374,2451.txt,1
1375,1158.txt,0
1376,2479.txt,0
1377,1170.txt,0
1378,1616.txt,0
1379,382.txt,1
1380,396.txt,0
1381,1602.txt,0
1382,1164.txt,0
1383,619.txt,0
1384,81.txt,0
1385,2684.txt,0
1386,2690.txt,0
1387,1399.txt,0
1388,95.txt,0
1389,143.txt,0
1390,625.txt,0
1391,631.txt,1
1392,157.txt,0
1393,1428.txt,1
1394,2121.txt,0
1395,2647.txt,0
1396,802.txt,1
1397,42.txt,0
1398,816.txt,0
1399,56.txt,0
1400,2653.txt,0
1401,4.txt,0
1402,2135.txt,0
1403,180.txt,1
1404,1414.txt,0
1405,1372.txt,1
1406,1366.txt,0
1407,1400.txt,0
1408,194.txt,0
1409,2109.txt,0
1410,2096.txt,0
1411,779.txt,1
1412,2082.txt,0
1413,989.txt,0
1414,751.txt,0
1415,745.txt,0
1416,2055.txt,1
1417,2733.txt,1
1418,976.txt,1
1419,962.txt,1
1420,2727.txt,0
1421,2041.txt,1
1422,2069.txt,0
1423,1560.txt,0
1424,792.txt,0
1425,1206.txt,0
1426,1212.txt,0
1427,786.txt,0
1428,1574.txt,1
1429,1945.txt,1
1430,209.txt,0
1431,2294.txt,0
1432,2280.txt,0
1433,1951.txt,0
1434,553.txt,0
1435,1979.txt,0
1436,235.txt,0
1437,221.txt,0
1438,547.txt,0
1439,1038.txt,1
1440,2531.txt,0
1441,2257.txt,0
1442,1986.txt,0
1443,1992.txt,1
1444,2243.txt,0
1445,1004.txt,0
1446,590.txt,0
1447,1762.txt,0
1448,1776.txt,0
1449,584.txt,0
1450,1010.txt,0
1451,2519.txt,0
1452,2269.txt,0
1453,1760.txt,0
1454,592.txt,0
1455,1006.txt,0
1456,1012.txt,0
1457,586.txt,1
1458,1774.txt,0
1459,1984.txt,0
1460,2255.txt,1
1461,2533.txt,0
1462,2527.txt,0
1463,2241.txt,1
1464,1990.txt,0
1465,1748.txt,0
1466,237.txt,0
1467,551.txt,0
1468,545.txt,0
1469,223.txt,0
1470,2296.txt,0
1471,1947.txt,1
1472,579.txt,0
1473,1953.txt,0
1474,2282.txt,0
1475,948.txt,0
1476,1204.txt,0
1477,790.txt,0
1478,1562.txt,0
1479,1576.txt,0
1480,784.txt,0
1481,1210.txt,0
1482,2719.txt,1
1483,974.txt,0
1484,1238.txt,0
1485,2731.txt,0
1486,2057.txt,0
1487,2043.txt,0
1488,2725.txt,0
1489,960.txt,0
1490,753.txt,0
1491,747.txt,0
1492,2094.txt,0
1493,2080.txt,0
1494,1589.txt,1
1495,2679.txt,0
1496,1370.txt,0
1497,1416.txt,0
1498,182.txt,0
1499,196.txt,1
1500,1402.txt,0
1501,68.txt,0
1502,1364.txt,0
1503,828.txt,0
1504,40.txt,0
1505,800.txt,0
1506,2645.txt,1
1507,2123.txt,0
1508,2137.txt,0
1509,6.txt,0
1510,2651.txt,1
1511,54.txt,0
1512,1358.txt,0
1513,814.txt,0
1514,627.txt,1
1515,141.txt,0
1516,155.txt,0
1517,633.txt,0
1518,2686.txt,0
1519,83.txt,1
1520,169.txt,0
1521,97.txt,0
1522,2692.txt,1
1523,380.txt,0
1524,1614.txt,0
1525,1172.txt,0
1526,1166.txt,0
1527,1600.txt,0
1528,394.txt,0
1529,2309.txt,0
1530,1628.txt,0
1531,2321.txt,0
1532,2447.txt,0
1533,2453.txt,0
1534,2335.txt,0
1535,343.txt,0
1536,425.txt,0
1537,431.txt,1
1538,357.txt,0
1539,1833.txt,0
1540,419.txt,0
1541,2484.txt,0
1542,1199.txt,0
1543,2491.txt,1
1544,1826.txt,0
1545,1832.txt,0
1546,2485.txt,0
1547,418.txt,0
1548,430.txt,0
1549,356.txt,0
1550,342.txt,1
1551,424.txt,0
1552,2452.txt,0
1553,2334.txt,0
1554,2320.txt,0
1555,1629.txt,0
1556,2446.txt,0
1557,1167.txt,0
1558,2308.txt,0
1559,395.txt,0
1560,1601.txt,0
1561,1615.txt,1
1562,381.txt,0
1563,1173.txt,0
1564,168.txt,0
1565,2693.txt,0
1566,96.txt,0
1567,82.txt,0
1568,2687.txt,0
1569,154.txt,0
1570,632.txt,0
1571,626.txt,0
1572,140.txt,0
1573,7.txt,0
1574,2136.txt,0
1575,815.txt,0
1576,1359.txt,0
1577,55.txt,0
1578,2650.txt,0
1579,2644.txt,0
1580,801.txt,0
1581,41.txt,0
1582,1403.txt,0
1583,197.txt,1
1584,829.txt,0
1585,1365.txt,0
1586,69.txt,0
1587,1371.txt,1
1588,2678.txt,0
1589,183.txt,0
1590,1588.txt,0
1591,2081.txt,0
1592,2095.txt,0
1593,746.txt,0
1594,752.txt,0
1595,2042.txt,0
1596,961.txt,0
1597,2724.txt,0
1598,2730.txt,0
1599,1239.txt,0
1600,975.txt,1
1601,2056.txt,1
1602,1577.txt,0
1603,2718.txt,0
1604,1211.txt,0
1605,785.txt,0
1606,791.txt,0
1607,949.txt,1
1608,1563.txt,0
1609,578.txt,0
1610,2283.txt,0
1611,1952.txt,0
1612,1946.txt,1
1613,2297.txt,0
1614,544.txt,0
1615,222.txt,0
1616,236.txt,0
1617,550.txt,0
1618,2526.txt,0
1619,1749.txt,0
1620,1991.txt,0
1621,2240.txt,1
1622,2254.txt,0
1623,1985.txt,0
1624,2532.txt,1
1625,587.txt,0
1626,1013.txt,0
1627,1775.txt,0
1628,1761.txt,0
1629,2268.txt,0
1630,1007.txt,0
1631,593.txt,1
1632,2536.txt,0
1633,1981.txt,0
1634,1759.txt,0
1635,2244.txt,1
1636,1995.txt,1
1637,2522.txt,1
1638,597.txt,0
1639,1003.txt,0
1640,1765.txt,0
1641,1771.txt,0
1642,2278.txt,0
1643,1017.txt,0
1644,583.txt,0
1645,568.txt,0
1646,2293.txt,0
1647,1942.txt,0
1648,1956.txt,0
1649,2287.txt,0
1650,554.txt,0
1651,232.txt,0
1652,226.txt,0
1653,540.txt,0
1654,2052.txt,1
1655,971.txt,0
1656,2720.txt,0
1657,965.txt,0
1658,1229.txt,0
1659,2046.txt,0
1660,1567.txt,0
1661,2708.txt,0
1662,1201.txt,0
1663,795.txt,1
1664,959.txt,0
1665,781.txt,0
1666,1215.txt,0
1667,1573.txt,0
1668,1598.txt,0
1669,2091.txt,0
1670,2085.txt,0
1671,756.txt,0
1672,742.txt,0
1673,2126.txt,0
1674,45.txt,0
1675,805.txt,0
1676,2640.txt,0
1677,2654.txt,0
1678,51.txt,0
1679,811.txt,0
1680,2132.txt,0
1681,3.txt,0
1682,1413.txt,0
1683,187.txt,1
1684,1375.txt,0
1685,79.txt,0
1686,839.txt,1
1687,1361.txt,0
1688,2668.txt,0
1689,193.txt,1
1690,1407.txt,1
1691,178.txt,1
1692,2683.txt,1
1693,86.txt,0
1694,92.txt,0
1695,2697.txt,0
1696,144.txt,0
1697,622.txt,1
1698,636.txt,0
1699,150.txt,0
1700,2442.txt,0
1701,2324.txt,0
1702,2330.txt,0
1703,1639.txt,0
1704,2456.txt,0
1705,1177.txt,0
1706,2318.txt,0
1707,385.txt,0
1708,1611.txt,0
1709,1605.txt,0
1710,391.txt,0
1711,1163.txt,0
1712,1188.txt,0
1713,2481.txt,0
1714,1822.txt,0
1715,2495.txt,0
1716,408.txt,0
1717,420.txt,0
1718,346.txt,0
1719,352.txt,0
1720,434.txt,0
1721,353.txt,0
1722,435.txt,0
1723,421.txt,0
1724,347.txt,0
1725,1823.txt,0
1726,2494.txt,0
1727,2480.txt,0
1728,1189.txt,0
1729,1837.txt,0
1730,390.txt,0
1731,1604.txt,0
1732,1162.txt,0
1733,1176.txt,0
1734,1610.txt,1
1735,384.txt,0
1736,2319.txt,0
1737,1638.txt,0
1738,2331.txt,1
1739,2443.txt,0
1740,637.txt,0
1741,151.txt,0
1742,145.txt,1
1743,623.txt,0
1744,93.txt,0
1745,87.txt,0
1746,2682.txt,0
1747,2669.txt,0
1748,1360.txt,0
1749,1406.txt,0
1750,192.txt,0
1751,186.txt,0
1752,1412.txt,1
1753,838.txt,0
1754,78.txt,1
1755,1374.txt,0
1756,810.txt,0
1757,50.txt,0
1758,2655.txt,0
1759,2.txt,0
1760,2133.txt,0
1761,2127.txt,0
1762,2641.txt,0
1763,804.txt,0
1764,44.txt,0
1765,1348.txt,0
1766,743.txt,0
1767,757.txt,1
1768,2084.txt,0
1769,2090.txt,1
1770,1599.txt,0
1771,1214.txt,0
1772,780.txt,0
1773,958.txt,0
1774,1566.txt,1
1775,794.txt,0
1776,1200.txt,0
1777,2709.txt,0
1778,1228.txt,0
1779,964.txt,0
1780,2721.txt,0
1781,2053.txt,0
1782,2735.txt,0
1783,970.txt,0
1784,227.txt,0
1785,541.txt,0
1786,555.txt,0
1787,233.txt,0
1788,2286.txt,0
1789,1957.txt,0
1790,569.txt,0
1791,1943.txt,0
1792,2292.txt,0
1793,2279.txt,0
1794,1770.txt,0
1795,582.txt,0
1796,1016.txt,0
1797,1002.txt,0
1798,596.txt,0
1799,1994.txt,1
1800,2245.txt,1
1801,2251.txt,0
1802,1758.txt,0
1803,1980.txt,0
1804,1028.txt,0
1805,2521.txt,0
1806,2247.txt,1
1807,1996.txt,0
1808,1982.txt,0
1809,2253.txt,0
1810,2535.txt,0
1811,1014.txt,0
1812,580.txt,0
1813,1772.txt,0
1814,1766.txt,0
1815,594.txt,0
1816,1000.txt,0
1817,2509.txt,0
1818,219.txt,0
1819,1955.txt,1
1820,2284.txt,0
1821,2290.txt,0
1822,1799.txt,0
1823,1941.txt,0
1824,543.txt,1
1825,225.txt,0
1826,1969.txt,0
1827,231.txt,0
1828,557.txt,0
1829,2045.txt,1
1830,2723.txt,0
1831,966.txt,0
1832,972.txt,1
1833,2737.txt,0
1834,2051.txt,0
1835,1558.txt,0
1836,2079.txt,0
1837,1570.txt,0
1838,782.txt,0
1839,1216.txt,0
1840,1202.txt,0
1841,796.txt,1
1842,1564.txt,1
1843,2086.txt,0
1844,769.txt,0
1845,2092.txt,0
1846,741.txt,0
1847,999.txt,0
1848,755.txt,0
1849,1438.txt,0
1850,2131.txt,0
1851,0.txt,0
1852,2657.txt,0
1853,52.txt,0
1854,812.txt,0
1855,46.txt,0
1856,806.txt,0
1857,2643.txt,0
1858,2125.txt,0
1859,190.txt,0
1860,1404.txt,0
1861,1362.txt,0
1862,1376.txt,0
1863,1410.txt,0
1864,184.txt,0
1865,2119.txt,0
1866,609.txt,0
1867,91.txt,0
1868,2694.txt,0
1869,2680.txt,0
1870,1389.txt,0
1871,85.txt,0
1872,153.txt,0
1873,635.txt,0
1874,621.txt,0
1875,147.txt,0
1876,2455.txt,0
1877,2333.txt,0
1878,2327.txt,0
1879,2441.txt,0
1880,1148.txt,1
1881,2469.txt,0
1882,1160.txt,0
1883,1606.txt,0
1884,392.txt,1
1885,386.txt,0
1886,1612.txt,0
1887,1174.txt,0
1888,2496.txt,1
1889,1821.txt,0
1890,1835.txt,0
1891,2482.txt,0
1892,437.txt,0
1893,351.txt,0
1894,1809.txt,1
1895,345.txt,0
1896,423.txt,0
1897,1808.txt,0
1898,422.txt,0
1899,436.txt,0
1900,350.txt,0
1901,378.txt,0
1902,1834.txt,0
1903,2483.txt,0
1904,2497.txt,1
1905,1820.txt,0
1906,1613.txt,0
1907,387.txt,0
1908,1175.txt,0
1909,1161.txt,0
1910,2468.txt,0
1911,393.txt,0
1912,2326.txt,0
1913,1149.txt,0
1914,2440.txt,0
1915,2454.txt,1
1916,2332.txt,0
1917,620.txt,0
1918,146.txt,0
1919,152.txt,0
1920,84.txt,0
1921,1388.txt,1
1922,2681.txt,0
1923,2695.txt,0
1924,90.txt,1
1925,608.txt,0
1926,1377.txt,0
1927,2118.txt,0
1928,185.txt,0
1929,1411.txt,1
1930,1405.txt,0
1931,191.txt,0
1932,1363.txt,0
1933,807.txt,0
1934,47.txt,1
1935,2124.txt,0
1936,1.txt,0
1937,2130.txt,1
1938,1439.txt,0
1939,813.txt,0
1940,53.txt,0
1941,2656.txt,1
1942,754.txt,0
1943,998.txt,0
1944,740.txt,0
1945,768.txt,0
1946,2093.txt,0
1947,797.txt,0
1948,1203.txt,0
1949,1565.txt,0
1950,1217.txt,1
1951,783.txt,1
1952,2736.txt,0
1953,973.txt,1
1954,2050.txt,0
1955,2044.txt,0
1956,967.txt,1
1957,2722.txt,0
1958,230.txt,0
1959,556.txt,0
1960,542.txt,1
1961,1968.txt,0
1962,224.txt,0
1963,1798.txt,0
1964,2291.txt,0
1965,2285.txt,1
1966,1954.txt,0
1967,218.txt,1
1968,1767.txt,1
1969,2508.txt,1
1970,1001.txt,0
1971,595.txt,0
1972,581.txt,0
1973,1015.txt,1
1974,1773.txt,0
1975,2252.txt,1
1976,1983.txt,0
1977,2534.txt,1
1978,2520.txt,1
1979,1029.txt,0
1980,1997.txt,0
1981,2246.txt,0
1982,1072.txt,0
1983,1714.txt,0
1984,280.txt,0
1985,294.txt,0
1986,1700.txt,0
1987,2209.txt,1
1988,1066.txt,0
1989,2547.txt,0
1990,1728.txt,0
1991,2221.txt,0
1992,2235.txt,0
1993,2553.txt,1
1994,525.txt,0
1995,243.txt,0
1996,257.txt,0
1997,531.txt,0
1998,519.txt,0
1999,2584.txt,0
2000,1933.txt,0
2001,1927.txt,1
2002,2590.txt,0
2003,1099.txt,0
2004,1516.txt,0
2005,2779.txt,0
2006,1270.txt,0
2007,928.txt,1
2008,1264.txt,1
2009,1502.txt,0
2010,2023.txt,0
2011,900.txt,0
2012,2745.txt,0
2013,2751.txt,1
2014,914.txt,0
2015,1258.txt,0
2016,2037.txt,1
2017,727.txt,0
2018,733.txt,1
2019,2786.txt,0
2020,1462.txt,0
2021,690.txt,0
2022,1304.txt,0
2023,848.txt,0
2024,1310.txt,0
2025,684.txt,0
2026,2619.txt,0
2027,1476.txt,1
2028,2157.txt,0
2029,34.txt,0
2030,1338.txt,0
2031,874.txt,0
2032,2631.txt,0
2033,2625.txt,0
2034,20.txt,1
2035,860.txt,0
2036,2143.txt,1
2037,135.txt,0
2038,653.txt,0
2039,647.txt,0
2040,121.txt,0
2041,109.txt,0
2042,2194.txt,0
2043,2180.txt,0
2044,1489.txt,0
2045,1106.txt,0
2046,492.txt,0
2047,2369.txt,1
2048,1660.txt,0
2049,1674.txt,0
2050,486.txt,0
2051,1112.txt,0
2052,2433.txt,0
2053,1884.txt,1
2054,2355.txt,0
2055,2341.txt,0
2056,1648.txt,0
2057,2427.txt,0
2058,337.txt,0
2059,323.txt,0
2060,445.txt,0
2061,2396.txt,0
2062,1847.txt,0
2063,1853.txt,0
2064,2382.txt,0
2065,479.txt,0
2066,2383.txt,0
2067,1852.txt,1
2068,478.txt,0
2069,1846.txt,0
2070,2397.txt,0
2071,322.txt,0
2072,444.txt,0
2073,450.txt,1
2074,336.txt,0
2075,1891.txt,1
2076,1649.txt,0
2077,2340.txt,1
2078,2426.txt,0
2079,2432.txt,0
2080,2354.txt,0
2081,1885.txt,0
2082,1675.txt,0
2083,1113.txt,0
2084,487.txt,0
2085,493.txt,0
2086,1107.txt,0
2087,1661.txt,0
2088,2368.txt,0
2089,1488.txt,0
2090,2181.txt,0
2091,2195.txt,1
2092,108.txt,1
2093,646.txt,0
2094,134.txt,0
2095,652.txt,0
2096,861.txt,0
2097,21.txt,1
2098,2624.txt,0
2099,2142.txt,1
2100,2156.txt,0
2101,2630.txt,0
2102,875.txt,1
2103,1339.txt,0
2104,35.txt,0
2105,2618.txt,0
2106,685.txt,0
2107,1311.txt,0
2108,1477.txt,0
2109,1463.txt,0
2110,849.txt,0
2111,1305.txt,0
2112,691.txt,0
2113,2787.txt,0
2114,732.txt,0
2115,726.txt,1
2116,1259.txt,0
2117,915.txt,0
2118,2750.txt,0
2119,2036.txt,1
2120,2022.txt,1
2121,2744.txt,0
2122,901.txt,0
2123,1265.txt,0
2124,929.txt,0
2125,1503.txt,0
2126,1517.txt,1
2127,1271.txt,0
2128,2778.txt,0
2129,1926.txt,0
2130,1098.txt,0
2131,2591.txt,0
2132,2585.txt,0
2133,518.txt,0
2134,1932.txt,0
2135,256.txt,0
2136,530.txt,0
2137,524.txt,0
2138,242.txt,0
2139,2234.txt,0
2140,2552.txt,1
2141,2546.txt,0
2142,1729.txt,0
2143,2208.txt,0
2144,1701.txt,0
2145,295.txt,0
2146,1067.txt,0
2147,1073.txt,0
2148,281.txt,0
2149,1715.txt,1
2150,1065.txt,0
2151,297.txt,0
2152,1703.txt,1
2153,1717.txt,0
2154,283.txt,1
2155,1071.txt,0
2156,2578.txt,0
2157,2550.txt,0
2158,2236.txt,1
2159,2222.txt,0
2160,2544.txt,0
2161,532.txt,0
2162,1918.txt,0
2163,240.txt,0
2164,526.txt,1
2165,2593.txt,0
2166,268.txt,0
2167,1924.txt,0
2168,1930.txt,0
2169,2587.txt,0
2170,2008.txt,0
2171,1501.txt,0
2172,1267.txt,0
2173,1273.txt,0
2174,1515.txt,0
2175,2034.txt,0
2176,2752.txt,0
2177,917.txt,0
2178,903.txt,0
2179,2746.txt,0
2180,2020.txt,0
2181,1529.txt,0
2182,730.txt,0
2183,724.txt,0
2184,1298.txt,1
2185,2791.txt,0
2186,2785.txt,1
2187,718.txt,0
2188,1475.txt,0
2189,1313.txt,0
2190,687.txt,0
2191,693.txt,0
2192,1307.txt,0
2193,1461.txt,0
2194,2168.txt,0
2195,1449.txt,1
2196,2140.txt,1
2197,2626.txt,0
2198,23.txt,0
2199,863.txt,0
2200,37.txt,0
2201,877.txt,0
2202,2632.txt,1
2203,2154.txt,0
2204,122.txt,0
2205,644.txt,0
2206,888.txt,0
2207,650.txt,1
2208,136.txt,0
2209,2183.txt,0
2210,678.txt,0
2211,2197.txt,0
2212,2418.txt,0
2213,485.txt,0
2214,1111.txt,0
2215,1677.txt,0
2216,1663.txt,0
2217,1105.txt,1
2218,491.txt,0
2219,2424.txt,0
2220,2342.txt,0
2221,1893.txt,1
2222,1887.txt,0
2223,2356.txt,0
2224,2430.txt,0
2225,1139.txt,0
2226,446.txt,1
2227,320.txt,0
2228,1878.txt,0
2229,334.txt,0
2230,452.txt,1
2231,1850.txt,0
2232,1688.txt,0
2233,2381.txt,0
2234,1844.txt,0
2235,308.txt,0
2236,309.txt,0
2237,1845.txt,0
2238,2380.txt,0
2239,1689.txt,0
2240,1851.txt,0
2241,335.txt,0
2242,1879.txt,1
2243,453.txt,0
2244,447.txt,0
2245,321.txt,0
2246,2357.txt,0
2247,1886.txt,0
2248,1138.txt,0
2249,2431.txt,0
2250,2425.txt,0
2251,1892.txt,1
2252,2343.txt,0
2253,1662.txt,0
2254,490.txt,1
2255,1104.txt,0
2256,1110.txt,0
2257,484.txt,0
2258,2419.txt,0
2259,1676.txt,0
2260,2196.txt,0
2261,2182.txt,0
2262,679.txt,1
2263,651.txt,0
2264,889.txt,0
2265,137.txt,1
2266,123.txt,0
2267,645.txt,0
2268,2633.txt,0
2269,876.txt,0
2270,36.txt,0
2271,2141.txt,0
2272,1448.txt,1
2273,862.txt,0
2274,22.txt,0
2275,2627.txt,1
2276,1306.txt,1
2277,692.txt,0
2278,2169.txt,1
2279,1460.txt,0
2280,1474.txt,0
2281,686.txt,0
2282,2784.txt,0
2283,2790.txt,1
2284,1299.txt,0
2285,725.txt,0
2286,731.txt,0
2287,2747.txt,0
2288,902.txt,0
2289,1528.txt,0
2290,2021.txt,0
2291,2035.txt,0
2292,916.txt,0
2293,2753.txt,0
2294,1272.txt,0
2295,1514.txt,0
2296,1500.txt,0
2297,2009.txt,0
2298,1266.txt,0
2299,1931.txt,1
2300,2586.txt,0
2301,2592.txt,0
2302,1925.txt,0
2303,241.txt,0
2304,527.txt,0
2305,533.txt,0
2306,1919.txt,0
2307,255.txt,0
2308,2223.txt,0
2309,2545.txt,0
2310,2551.txt,0
2311,1058.txt,0
2312,2237.txt,0
2313,282.txt,0
2314,1716.txt,1
2315,2579.txt,0
2316,1070.txt,0
2317,1064.txt,0
2318,1702.txt,0
2319,296.txt,0
2320,2233.txt,0
2321,2555.txt,0
2322,2541.txt,0
2323,1048.txt,0
2324,2227.txt,0
2325,292.txt,0
2326,1706.txt,0
2327,2569.txt,1
2328,1060.txt,0
2329,1074.txt,0
2330,1712.txt,0
2331,286.txt,0
2332,1921.txt,0
2333,2596.txt,0
2334,2582.txt,1
2335,279.txt,0
2336,1935.txt,0
2337,251.txt,0
2338,537.txt,0
2339,523.txt,0
2340,245.txt,0
2341,1909.txt,0
2342,2757.txt,0
2343,912.txt,0
2344,1538.txt,0
2345,2031.txt,0
2346,2025.txt,0
2347,906.txt,0
2348,2743.txt,1
2349,1262.txt,0
2350,1504.txt,0
2351,1510.txt,0
2352,2019.txt,0
2353,1276.txt,1
2354,709.txt,0
2355,2780.txt,0
2356,1289.txt,0
2357,735.txt,0
2358,721.txt,0
2359,2623.txt,0
2360,26.txt,0
2361,866.txt,0
2362,2145.txt,0
2363,2151.txt,0
2364,1458.txt,0
2365,32.txt,0
2366,872.txt,0
2367,2637.txt,0
2368,1316.txt,0
2369,682.txt,0
2370,2179.txt,0
2371,1470.txt,0
2372,1464.txt,0
2373,696.txt,0
2374,1302.txt,0
2375,2186.txt,0
2376,2192.txt,0
2377,669.txt,0
2378,641.txt,0
2379,127.txt,0
2380,133.txt,0
2381,655.txt,0
2382,2347.txt,1
2383,2421.txt,0
2384,2435.txt,0
2385,1882.txt,0
2386,2353.txt,0
2387,1672.txt,0
2388,480.txt,0
2389,1114.txt,0
2390,1100.txt,0
2391,494.txt,0
2392,2409.txt,0
2393,1666.txt,0
2394,1855.txt,0
2395,319.txt,1
2396,2384.txt,0
2397,2390.txt,0
2398,1841.txt,0
2399,1699.txt,0
2400,1869.txt,0
2401,325.txt,0
2402,457.txt,0
2403,331.txt,0
2404,456.txt,0
2405,330.txt,0
2406,324.txt,0
2407,1868.txt,0
2408,442.txt,0
2409,1698.txt,0
2410,1840.txt,0
2411,2391.txt,0
2412,2385.txt,0
2413,318.txt,0
2414,1854.txt,0
2415,2408.txt,0
2416,495.txt,0
2417,1101.txt,0
2418,1667.txt,0
2419,1673.txt,0
2420,1115.txt,0
2421,481.txt,0
2422,2434.txt,0
2423,2352.txt,1
2424,1897.txt,0
2425,2346.txt,0
2426,2420.txt,0
2427,1129.txt,0
2428,132.txt,0
2429,654.txt,0
2430,640.txt,0
2431,898.txt,1
2432,126.txt,0
2433,2193.txt,0
2434,668.txt,1
2435,2187.txt,0
2436,1465.txt,0
2437,1303.txt,0
2438,697.txt,0
2439,683.txt,0
2440,1317.txt,0
2441,1471.txt,0
2442,2178.txt,0
2443,1459.txt,0
2444,2150.txt,1
2445,2636.txt,0
2446,873.txt,0
2447,867.txt,0
2448,27.txt,0
2449,2622.txt,0
2450,2144.txt,0
2451,720.txt,0
2452,734.txt,0
2453,1288.txt,0
2454,2781.txt,1
2455,708.txt,0
2456,2018.txt,0
2457,1511.txt,0
2458,1277.txt,0
2459,1263.txt,0
2460,1505.txt,0
2461,2024.txt,1
2462,2742.txt,0
2463,907.txt,0
2464,913.txt,1
2465,2756.txt,0
2466,2030.txt,0
2467,522.txt,0
2468,1908.txt,0
2469,250.txt,0
2470,536.txt,0
2471,2583.txt,0
2472,1934.txt,0
2473,278.txt,0
2474,1920.txt,0
2475,2597.txt,0
2476,1075.txt,0
2477,1713.txt,0
2478,1707.txt,0
2479,293.txt,0
2480,1061.txt,1
2481,2568.txt,1
2482,1049.txt,0
2483,2540.txt,0
2484,2226.txt,0
2485,2232.txt,1
2486,2554.txt,0
2487,2224.txt,0
2488,2542.txt,0
2489,2556.txt,0
2490,2230.txt,0
2491,1739.txt,1
2492,2218.txt,1
2493,1711.txt,0
2494,285.txt,0
2495,1077.txt,0
2496,1063.txt,0
2497,1705.txt,0
2498,1936.txt,0
2499,1088.txt,0
2500,2581.txt,1
2501,2595.txt,0
2502,508.txt,0
2503,1922.txt,0
2504,246.txt,0
2505,520.txt,0
2506,534.txt,0
2507,252.txt,0
2508,905.txt,0
2509,1249.txt,0
2510,2740.txt,0
2511,2026.txt,0
2512,2032.txt,0
2513,2754.txt,0
2514,911.txt,0
2515,939.txt,0
2516,1275.txt,0
2517,1513.txt,0
2518,1507.txt,0
2519,1261.txt,0
2520,2768.txt,0
2521,2783.txt,1
2522,722.txt,0
2523,736.txt,0
2524,31.txt,0
2525,871.txt,0
2526,2634.txt,0
2527,2152.txt,0
2528,2146.txt,0
2529,2620.txt,0
2530,1329.txt,0
2531,25.txt,0
2532,865.txt,0
2533,2608.txt,1
2534,695.txt,0
2535,1301.txt,0
2536,1467.txt,0
2537,1473.txt,0
2538,1315.txt,0
2539,681.txt,0
2540,19.txt,0
2541,859.txt,0
2542,1498.txt,1
2543,2191.txt,0
2544,2185.txt,0
2545,118.txt,1
2546,656.txt,0
2547,130.txt,0
2548,124.txt,0
2549,642.txt,0
2550,1659.txt,0
2551,1881.txt,0
2552,2350.txt,0
2553,2436.txt,0
2554,2422.txt,0
2555,2344.txt,0
2556,1895.txt,0
2557,1665.txt,0
2558,1103.txt,0
2559,497.txt,0
2560,483.txt,0
2561,1117.txt,0
2562,1671.txt,0
2563,2378.txt,0
2564,2393.txt,0
2565,1842.txt,0
2566,468.txt,0
2567,2387.txt,0
2568,332.txt,0
2569,454.txt,0
2570,440.txt,1
2571,326.txt,0
2572,441.txt,0
2573,333.txt,0
2574,455.txt,1
2575,2386.txt,0
2576,1857.txt,1
2577,1843.txt,0
2578,2392.txt,0
2579,469.txt,0
2580,1116.txt,0
2581,482.txt,0
2582,2379.txt,0
2583,1664.txt,0
2584,496.txt,0
2585,1102.txt,0
2586,2423.txt,0
2587,2345.txt,0
2588,2351.txt,0
2589,1880.txt,0
2590,1658.txt,1
2591,2437.txt,1
2592,125.txt,0
2593,643.txt,0
2594,657.txt,0
2595,131.txt,0
2596,119.txt,0
2597,2184.txt,1
2598,2190.txt,0
2599,1499.txt,0
2600,1472.txt,0
2601,858.txt,0
2602,18.txt,1
2603,680.txt,0
2604,1314.txt,0
2605,1300.txt,0
2606,694.txt,0
2607,2609.txt,0
2608,1466.txt,0
2609,2147.txt,0
2610,864.txt,0
2611,24.txt,0
2612,1328.txt,0
2613,2621.txt,1
2614,870.txt,0
2615,30.txt,0
2616,2153.txt,0
2617,737.txt,0
2618,723.txt,0
2619,2782.txt,0
2620,1506.txt,0
2621,2769.txt,0
2622,1260.txt,1
2623,1274.txt,0
2624,938.txt,0
2625,1512.txt,0
2626,910.txt,0
2627,2755.txt,0
2628,2741.txt,0
2629,1248.txt,0
2630,904.txt,0
2631,2027.txt,0
2632,535.txt,0
2633,253.txt,0
2634,247.txt,1
2635,521.txt,0
2636,509.txt,0
2637,2594.txt,1
2638,1923.txt,0
2639,1937.txt,0
2640,2580.txt,1
2641,1089.txt,1
2642,1062.txt,0
2643,1704.txt,1
2644,290.txt,1
2645,284.txt,0
2646,1710.txt,0
2647,2219.txt,1
2648,1076.txt,0
2649,2557.txt,0
2650,1738.txt,0
2651,2231.txt,0
2652,2225.txt,0
2653,2543.txt,0
